Prescriber Name ,npi,City ,Total Claims,Spend,Total Drug cost,Cost per Claim,Drug Count
"Koticha, Kirtan",1528279965,Shreveport,5529,$26260529.69,26260529.69,$4749.6,111
"Dhawan, Manish",1083618912,Minden,5739,$22229103.84,22229103.84,$3873.34,123
"Azmeh, Waref",1467408492,Baton Rouge,15654,$13440392.88,13440392.88,$858.59,247
"Dalovisio, Andrew",1144458704,Baton Rouge,2450,$12338742.98,12338742.98,$5036.22,61
"Beyl, Randall",1356630958,Baton Rouge,6506,$10873116.98,10873116.98,$1671.24,68
"Eiswirth, Clement",1477538726,New Orleans,3119,$9799182.89,9799182.89,$3141.77,42
"Chandamuri, Babiswarup",1104140144,Houma,595,$9777787.54,9777787.54,$16433.26,8
"Mallepalli, Jyothi",1184635344,Monroe,21352,$9731870.01,9731870.01,$455.78,108
"Spady, Malik",1649259789,Covington,17799,$9516593.82,9516593.82,$534.67,210
"Brooks, Burke",1518991975,Baton Rouge,4251,$9370296.12,9370296.12,$2204.26,62
"Hojaili, Bernard",1659456242,New Iberia,16476,$9249052.73,9249052.73,$561.37,92
"Byram, Robert",1356528616,New Orleans,1334,$8915370.86,8915370.86,$6683.19,32
"Deboisblanc, Bennett",1750324463,New Orleans,1038,$8828563.59,8828563.59,$8505.36,15
"Gauthier, Carl",1649460239,Hammond,15130,$8647891.2,8647891.2,$571.57,96
"Stuart, Michael",1770506735,Baton Rouge,8717,$8223881.5,8223881.5,$943.43,129
"Castine, Michael",1205814092,Baton Rouge,2834,$7961423.36,7961423.36,$2809.25,80
"Frey, Lane",1932337052,Thibodaux,13017,$7929100.8,7929100.8,$609.13,86
"Abi-Rached, Bassam",1285637314,Alexandria,2302,$7587755.84,7587755.84,$3296.16,53
"Lipstate, James",1043260607,Lafayette,10751,$7303729.51,7303729.51,$679.35,78
"Miletello, Gerald",1245217728,Baton Rouge,2189,$7253525.58,7253525.58,$3313.63,62
"Boh, Erin",1790797454,New Orleans,3228,$7129275.74,7129275.74,$2208.57,70
"Callerame, Kevin",1245229459,Baton Rouge,7367,$7109440.27,7109440.27,$965.04,108
"Lokitz, Kyla",1013132653,Shreveport,3356,$6837375.94,6837375.94,$2037.36,36
"Oubre, David",1104883305,Hammond,1336,$6626816.35,6626816.35,$4960.19,40
"Mendez, Enrique",1174605646,Lake Charles,6622,$6513532.35,6513532.35,$983.62,58
"Miller, Harold",1295707669,Hammond,11224,$6337738.82,6337738.82,$564.66,159
"Haar, Laura",1801143599,Slidell,7945,$6234049.89,6234049.89,$784.65,134
"Stober, Kieran",1679865562,Marrero,1637,$5997071.8,5997071.8,$3663.45,47
"Schroeder, Jonathan",1376802595,Baton Rouge,5656,$5973134.55,5973134.55,$1056.07,109
"Davis, Carter",1407146418,New Orleans,2348,$5935175.4,5935175.4,$2527.76,64
"Walter, Robert",1205884319,Shreveport,750,$5882455.83,5882455.83,$7843.27,18
"Lovera, Jesus",1336246107,New Orleans,3077,$5873782.06,5873782.06,$1908.93,82
"Garcia-Caro, Miguel",1508859455,Alexandria,10031,$5832897.8,5832897.8,$581.49,137
"Posas-Mendoza, Therese",1538566062,Covington,2965,$5763153.74,5763153.74,$1943.73,41
"Stark, Jennifer",1457016628,Hammond,387,$5742952.36,5742952.36,$14839.67,10
"Janis, Brett",1982104790,Baton Rouge,18220,$5570553.83,5570553.83,$305.74,92
"Gallagher, Kevin",1275776718,Shreveport,1195,$5544574.58,5544574.58,$4639.81,35
"Thiagarajan, Saravanan",1154639839,Baton Rouge,6029,$5522140.96,5522140.96,$915.93,78
"Donnelly, Hollie",1174800569,Lake Charles,5020,$5510996.06,5510996.06,$1097.81,44
"Adley, Sharon",1770581274,Shreveport,1825,$5479522.31,5479522.31,$3002.48,26
"Lash, Tyler",1437449949,Shreveport,2215,$5354454.76,5354454.76,$2417.36,57
"Harris, Meghan",1235349812,Shreveport,7411,$5349843.89,5349843.89,$721.88,122
"Bourque, Thad",1912093709,Lafayette,4862,$5272097.6,5272097.6,$1084.35,34
"Scheuermann, Jennifer",1922016757,New Orleans,704,$5270878.67,5270878.67,$7487.04,18
"Baquet, Bennett",1073563631,Lafayette,16869,$5223856.77,5223856.77,$309.67,132
"Finn, Laura",1770774549,New Orleans,1248,$5197949.95,5197949.95,$4165.02,39
"Ramadas, Poornima",1225442254,Shreveport,1190,$5118115.66,5118115.66,$4300.94,22
"Gaspard, Gregory",1982882874,Baton Rouge,951,$5032715.78,5032715.78,$5292.03,31
"Sonnier, Scott",1083679468,New Orleans,2026,$5014015.3,5014015.3,$2474.83,56
"Hebert, Scott",1548603996,Thibodaux,3173,$4994098.93,4994098.93,$1573.94,69
